Group Name,Group ID,Invite Link,Topic Name,Topic ID
Hay Thar Htetïŋ―ïŋ―ïŋ―ïŋ―,3752706100,https://t.me/+iycKtHy8BbQ3ZjNl,Pick & Urgent,1
Hay Thar Htetïŋ―ïŋ―ïŋ―ïŋ―,3752706100,https://t.me/+iycKtHy8BbQ3ZjNl,Error,4
Hay Thar Htetïŋ―ïŋ―ïŋ―ïŋ―,3752706100,https://t.me/+iycKtHy8BbQ3ZjNl,Fin & Voc,6
Princess Nora ïŋ―ïŋ―ïŋ―ïŋ―ï,3768834039,https://t.me/+AQTpdZyGom5kZjJl,Pick & Urgent,1
Princess Nora ïŋ―ïŋ―ïŋ―ïŋ―ï,3768834039,https://t.me/+AQTpdZyGom5kZjJl,Error,4
Princess Nora ïŋ―ïŋ―ïŋ―ïŋ―ï,3768834039,https://t.me/+AQTpdZyGom5kZjJl,Fin & Voc,6
Pretty Petals ïŋ―ïŋ―ïŋ―ïŋ―ï,3862716436,https://t.me/+6yVMofdVgNUyOGY9,Pick Up/Urgent/ïŋ―ïŋ―ïŋ―ïŋ―ïŋ―ïŋ―ïŋ―ïŋ―ïŋ―ïŋ―,1
Pretty Petals ïŋ―ïŋ―ïŋ―ïŋ―ï,3862716436,https://t.me/+6yVMofdVgNUyOGY9,Error,4
Pretty Petals ïŋ―ïŋ―ïŋ―ïŋ―ï,3862716436,https://t.me/+6yVMofdVgNUyOGY9,Fin & Voc,6
Find My Clothing ïŋ―ïŋ―ïŋ―ïŋ―ï,3686431562,https://t.me/+RqStA-nZVfoxNzhl,Pick Up/Urgent/ïŋ―ïŋ―ïŋ―ïŋ―ïŋ―ïŋ―ïŋ―ïŋ―ïŋ―ïŋ―,1
Find My Clothing ïŋ―ïŋ―ïŋ―ïŋ―ï,3686431562,https://t.me/+RqStA-nZVfoxNzhl,Error,4
Find My Clothing ïŋ―ïŋ―ïŋ―ïŋ―ï,3686431562,https://t.me/+RqStA-nZVfoxNzhl,Fin & Voc,6
Myo,3672811205,https://t.me/+yebrgGPXWKc2NDc9,Pick Up/Urgent/ïŋ―ïŋ―ïŋ―ïŋ―ïŋ―ïŋ―ïŋ―ïŋ―ïŋ―ïŋ―,1
Myo,3672811205,https://t.me/+yebrgGPXWKc2NDc9,Error,4
Myo,3672811205,https://t.me/+yebrgGPXWKc2NDc9,Fin & Voc,6
Yuri Collection ïŋ―ïŋ―ïŋ―ïŋ―ï,3890261095,https://t.me/+2hCdCMOx8xVjZmU9,Pick Up/Urgent/ïŋ―ïŋ―ïŋ―ïŋ―ïŋ―ïŋ―ïŋ―ïŋ―ïŋ―ïŋ―,1
Yuri Collection ïŋ―ïŋ―ïŋ―ïŋ―ï,3890261095,https://t.me/+2hCdCMOx8xVjZmU9,Error,4
Yuri Collection ïŋ―ïŋ―ïŋ―ïŋ―ï,3890261095,https://t.me/+2hCdCMOx8xVjZmU9,Fin & Voc,6
Bago Thu Lay ïŋ―ïŋ―ïŋ―ïŋ―ï,3441007321,https://t.me/+PETr1LmwiXAzOTVl,Pick Up/Urgent/ïŋ―ïŋ―ïŋ―ïŋ―ïŋ―ïŋ―ïŋ―ïŋ―ïŋ―ïŋ―,1
Bago Thu Lay ïŋ―ïŋ―ïŋ―ïŋ―ï,3441007321,https://t.me/+PETr1LmwiXAzOTVl,Error,4
Bago Thu Lay ïŋ―ïŋ―ïŋ―ïŋ―ï,3441007321,https://t.me/+PETr1LmwiXAzOTVl,Fin & Voc,6
Hotssic ïŋ―ïŋ―ïŋ―ïŋ―ï,3506710131,https://t.me/+My7mVfqsbCs0NGY1,Pick Up/Urgent/ïŋ―ïŋ―ïŋ―ïŋ―ïŋ―ïŋ―ïŋ―ïŋ―ïŋ―ïŋ―,1
Hotssic ïŋ―ïŋ―ïŋ―ïŋ―ï,3506710131,https://t.me/+My7mVfqsbCs0NGY1,Error,4
Hotssic ïŋ―ïŋ―ïŋ―ïŋ―ï,3506710131,https://t.me/+My7mVfqsbCs0NGY1,Fin & Voc,6
The Vibes ïŋ―ïŋ―ïŋ―ïŋ―ï,3580440105,https://t.me/+Fyb_wiCqPvwyOGM1,Pick Up/Urgent/ïŋ―ïŋ―ïŋ―ïŋ―ïŋ―ïŋ―ïŋ―ïŋ―ïŋ―ïŋ―,1
The Vibes ïŋ―ïŋ―ïŋ―ïŋ―ï,3580440105,https://t.me/+Fyb_wiCqPvwyOGM1,Error,4
The Vibes ïŋ―ïŋ―ïŋ―ïŋ―ï,3580440105,https://t.me/+Fyb_wiCqPvwyOGM1,Fin & Voc,6
Blingo Beauty ïŋ―ïŋ―ïŋ―ïŋ―ï,3810399961,https://t.me/+BSRXNXThoaMyYjll,Pick Up/Urgent/ïŋ―ïŋ―ïŋ―ïŋ―ïŋ―ïŋ―ïŋ―ïŋ―ïŋ―ïŋ―,1
Blingo Beauty ïŋ―ïŋ―ïŋ―ïŋ―ï,3810399961,https://t.me/+BSRXNXThoaMyYjll,Error,4
Blingo Beauty ïŋ―ïŋ―ïŋ―ïŋ―ï,3810399961,https://t.me/+BSRXNXThoaMyYjll,Fin & Voc,6
Forever Art Suppliesïŋ―ïŋ―ïŋ―ïŋ―ï,3830048503,https://t.me/+Q6ZLH7OaRV0wZGRl,Pick Up/Urgent/ïŋ―ïŋ―ïŋ―ïŋ―ïŋ―ïŋ―ïŋ―ïŋ―ïŋ―ïŋ―,1
Forever Art Suppliesïŋ―ïŋ―ïŋ―ïŋ―ï,3830048503,https://t.me/+Q6ZLH7OaRV0wZGRl,Error,4
Forever Art Suppliesïŋ―ïŋ―ïŋ―ïŋ―ï,3830048503,https://t.me/+Q6ZLH7OaRV0wZGRl,Fin & Voc,6
Outfits Shop ïŋ―ïŋ―ïŋ―ïŋ―ï,3415524543,https://t.me/+oHtQ8-LbK45mNTc1,Pick Up/Urgent/ïŋ―ïŋ―ïŋ―ïŋ―ïŋ―ïŋ―ïŋ―ïŋ―ïŋ―ïŋ―,1
Outfits Shop ïŋ―ïŋ―ïŋ―ïŋ―ï,3415524543,https://t.me/+oHtQ8-LbK45mNTc1,Error,4
Outfits Shop ïŋ―ïŋ―ïŋ―ïŋ―ï,3415524543,https://t.me/+oHtQ8-LbK45mNTc1,Fin & Voc,6
Thoon Hsu ïŋ―ïŋ―ïŋ―ïŋ―ï,3345675653,https://t.me/+4Cvx-bzUhDphMTg1,Pick Up/Urgent/ïŋ―ïŋ―ïŋ―ïŋ―ïŋ―ïŋ―ïŋ―ïŋ―ïŋ―ïŋ―,1
Thoon Hsu ïŋ―ïŋ―ïŋ―ïŋ―ï,3345675653,https://t.me/+4Cvx-bzUhDphMTg1,Error,4
Thoon Hsu ïŋ―ïŋ―ïŋ―ïŋ―ï,3345675653,https://t.me/+4Cvx-bzUhDphMTg1,Fin & Voc,6
LARA's ïŋ―ïŋ―ïŋ―ïŋ―ï,3734659970,https://t.me/+pyAyLYLneWRmNzJl,Pick Up/Urgent/ïŋ―ïŋ―ïŋ―ïŋ―ïŋ―ïŋ―ïŋ―ïŋ―ïŋ―ïŋ―,1
LARA's ïŋ―ïŋ―ïŋ―ïŋ―ï,3734659970,https://t.me/+pyAyLYLneWRmNzJl,Error,4
LARA's ïŋ―ïŋ―ïŋ―ïŋ―ï,3734659970,https://t.me/+pyAyLYLneWRmNzJl,Fin & Voc,6
Dreamy Fancies Ygn ïŋ―ïŋ―ïŋ―ïŋ―ï,3819601608,https://t.me/+K4ov9-2OI8k4MWNl,Pick Up/Urgent/ïŋ―ïŋ―ïŋ―ïŋ―ïŋ―ïŋ―ïŋ―ïŋ―ïŋ―ïŋ―,1
Dreamy Fancies Ygn ïŋ―ïŋ―ïŋ―ïŋ―ï,3819601608,https://t.me/+K4ov9-2OI8k4MWNl,Error,4
Dreamy Fancies Ygn ïŋ―ïŋ―ïŋ―ïŋ―ï,3819601608,https://t.me/+K4ov9-2OI8k4MWNl,Fin & Voc,6
P & P ïŋ―ïŋ―ïŋ―ïŋ―ï,3725320528,https://t.me/+2Uh0UVPYk7NlN2U1,Pick Up/Urgent/ïŋ―ïŋ―ïŋ―ïŋ―ïŋ―ïŋ―ïŋ―ïŋ―ïŋ―ïŋ―,1
P & P ïŋ―ïŋ―ïŋ―ïŋ―ï,3725320528,https://t.me/+2Uh0UVPYk7NlN2U1,Error,4
P & P ïŋ―ïŋ―ïŋ―ïŋ―ï,3725320528,https://t.me/+2Uh0UVPYk7NlN2U1,Fin & Voc,6
Panyoung Fashion ïŋ―ïŋ―ïŋ―ïŋ―ï,3752686638,https://t.me/+dZlNIQCjs9plZDZl,Pick Up/Urgent/ïŋ―ïŋ―ïŋ―ïŋ―ïŋ―ïŋ―ïŋ―ïŋ―ïŋ―ïŋ―,1
Panyoung Fashion ïŋ―ïŋ―ïŋ―ïŋ―ï,3752686638,https://t.me/+dZlNIQCjs9plZDZl,Error,4
Panyoung Fashion ïŋ―ïŋ―ïŋ―ïŋ―ï,3752686638,https://t.me/+dZlNIQCjs9plZDZl,Fin & Voc,6
Tina Fashion ïŋ―ïŋ―ïŋ―ïŋ―ï,3798739565,https://t.me/+8VyPfnaCUX0xMTVl,Pick Up/Urgent/ïŋ―ïŋ―ïŋ―ïŋ―ïŋ―ïŋ―ïŋ―ïŋ―ïŋ―ïŋ―,1
Tina Fashion ïŋ―ïŋ―ïŋ―ïŋ―ï,3798739565,https://t.me/+8VyPfnaCUX0xMTVl,Error,4
Tina Fashion ïŋ―ïŋ―ïŋ―ïŋ―ï,3798739565,https://t.me/+8VyPfnaCUX0xMTVl,Fin & Voc,6
Blanco Fashion ïŋ―ïŋ―ïŋ―ïŋ―ï,3816497641,https://t.me/+kK2BxwHoOZ9kNTE1,Pick Up/Urgent/ïŋ―ïŋ―ïŋ―ïŋ―ïŋ―ïŋ―ïŋ―ïŋ―ïŋ―ïŋ―,1
Blanco Fashion ïŋ―ïŋ―ïŋ―ïŋ―ï,3816497641,https://t.me/+kK2BxwHoOZ9kNTE1,Error,4
Blanco Fashion ïŋ―ïŋ―ïŋ―ïŋ―ï,3816497641,https://t.me/+kK2BxwHoOZ9kNTE1,Fin & Voc,6
Bloom For You ïŋ―ïŋ―ïŋ―ïŋ―ï,3590818186,https://t.me/+XA7sdMg-gzIyZWY9,Pick Up/Urgent/ïŋ―ïŋ―ïŋ―ïŋ―ïŋ―ïŋ―ïŋ―ïŋ―ïŋ―ïŋ―,1
Bloom For You ïŋ―ïŋ―ïŋ―ïŋ―ï,3590818186,https://t.me/+XA7sdMg-gzIyZWY9,Error,4
Bloom For You ïŋ―ïŋ―ïŋ―ïŋ―ï,3590818186,https://t.me/+XA7sdMg-gzIyZWY9,Fin & Voc,6
Raya Fashion ïŋ―ïŋ―ïŋ―ïŋ―ï,3880468841,https://t.me/+uAsi3rXFjvAxYWE1,Pick Up/Urgent/ïŋ―ïŋ―ïŋ―ïŋ―ïŋ―ïŋ―ïŋ―ïŋ―ïŋ―ïŋ―,1
Raya Fashion ïŋ―ïŋ―ïŋ―ïŋ―ï,3880468841,https://t.me/+uAsi3rXFjvAxYWE1,Error,4
Raya Fashion ïŋ―ïŋ―ïŋ―ïŋ―ï,3880468841,https://t.me/+uAsi3rXFjvAxYWE1,Fin & Voc,6
Nge Shoes ïŋ―ïŋ―ïŋ―ïŋ―ï,3812868558,https://t.me/+OUM8YHyT-UcwYjRl,Pick Up/Urgent/ïŋ―ïŋ―ïŋ―ïŋ―ïŋ―ïŋ―ïŋ―ïŋ―ïŋ―ïŋ―,1
Nge Shoes ïŋ―ïŋ―ïŋ―ïŋ―ï,3812868558,https://t.me/+OUM8YHyT-UcwYjRl,Error,4
Nge Shoes ïŋ―ïŋ―ïŋ―ïŋ―ï,3812868558,https://t.me/+OUM8YHyT-UcwYjRl,Fin & Voc,6
ZT Os ïŋ―ïŋ―ïŋ―ïŋ―ï,3494945433,https://t.me/+8eysut9-p1JiZGE9,Pick Up/Urgent/ïŋ―ïŋ―ïŋ―ïŋ―ïŋ―ïŋ―ïŋ―ïŋ―ïŋ―ïŋ―,1
ZT Os ïŋ―ïŋ―ïŋ―ïŋ―ï,3494945433,https://t.me/+8eysut9-p1JiZGE9,Error,4
ZT Os ïŋ―ïŋ―ïŋ―ïŋ―ï,3494945433,https://t.me/+8eysut9-p1JiZGE9,Fin & Voc,6
K&J Clothing ïŋ―ïŋ―ïŋ―ïŋ―ï,3813366869,https://t.me/+QoVP5OZ1yqxhYmE9,Pick Up/Urgent/ïŋ―ïŋ―ïŋ―ïŋ―ïŋ―ïŋ―ïŋ―ïŋ―ïŋ―ïŋ―,1
K&J Clothing ïŋ―ïŋ―ïŋ―ïŋ―ï,3813366869,https://t.me/+QoVP5OZ1yqxhYmE9,Error,4
K&J Clothing ïŋ―ïŋ―ïŋ―ïŋ―ï,3813366869,https://t.me/+QoVP5OZ1yqxhYmE9,Fin & Voc,6
S&H ïŋ―ïŋ―ïŋ―ïŋ―ï,3552853303,https://t.me/+fkDBE4WkmWFkODFl,Pick Up/Urgent/ïŋ―ïŋ―ïŋ―ïŋ―ïŋ―ïŋ―ïŋ―ïŋ―ïŋ―ïŋ―,1
S&H ïŋ―ïŋ―ïŋ―ïŋ―ï,3552853303,https://t.me/+fkDBE4WkmWFkODFl,Error,4
S&H ïŋ―ïŋ―ïŋ―ïŋ―ï,3552853303,https://t.me/+fkDBE4WkmWFkODFl,Fin & Voc,6
Naseem ïŋ―ïŋ―ïŋ―ïŋ―ï,3731394148,https://t.me/+2H542kAf1rwxMTE1,Pick Up/Urgent/ïŋ―ïŋ―ïŋ―ïŋ―ïŋ―ïŋ―ïŋ―ïŋ―ïŋ―ïŋ―,1
Naseem ïŋ―ïŋ―ïŋ―ïŋ―ï,3731394148,https://t.me/+2H542kAf1rwxMTE1,Error,4
Naseem ïŋ―ïŋ―ïŋ―ïŋ―ï,3731394148,https://t.me/+2H542kAf1rwxMTE1,Fin & Voc,6
Leo&Ariesïŋ―ïŋ―ïŋ―ïŋ―,3871976559,https://t.me/+g3ETDMuSEHI3OThl,Pick Up/Urgent/ïŋ―ïŋ―ïŋ―ïŋ―ïŋ―ïŋ―ïŋ―ïŋ―ïŋ―ïŋ―,1
Leo&Ariesïŋ―ïŋ―ïŋ―ïŋ―,3871976559,https://t.me/+g3ETDMuSEHI3OThl,Error,4
Leo&Ariesïŋ―ïŋ―ïŋ―ïŋ―,3871976559,https://t.me/+g3ETDMuSEHI3OThl,Fin & Voc,6
TTW ïŋ―ïŋ―ïŋ―ïŋ―ï,3837115331,https://t.me/+wExyEMZP5MU4OGI1,Pick Up/Urgent/ïŋ―ïŋ―ïŋ―ïŋ―ïŋ―ïŋ―ïŋ―ïŋ―ïŋ―ïŋ―,1
TTW ïŋ―ïŋ―ïŋ―ïŋ―ï,3837115331,https://t.me/+wExyEMZP5MU4OGI1,Error,4
TTW ïŋ―ïŋ―ïŋ―ïŋ―ï,3837115331,https://t.me/+wExyEMZP5MU4OGI1,Fin & Voc,6
Toly Moly ïŋ―ïŋ―ïŋ―ïŋ―,3796096237,https://t.me/+iN9QFT2uszozNGM1,Pick Up/Urgent/ïŋ―ïŋ―ïŋ―ïŋ―ïŋ―ïŋ―ïŋ―ïŋ―ïŋ―ïŋ―,1
Toly Moly ïŋ―ïŋ―ïŋ―ïŋ―,3796096237,https://t.me/+iN9QFT2uszozNGM1,Error,4
Toly Moly ïŋ―ïŋ―ïŋ―ïŋ―,3796096237,https://t.me/+iN9QFT2uszozNGM1,Fin & Voc,6
Binnie Paradise ïŋ―ïŋ―ïŋ―ïŋ―ï,3752062728,https://t.me/+L2eZtMxk7jgyNWM1,Pick Up/Urgent/ïŋ―ïŋ―ïŋ―ïŋ―ïŋ―ïŋ―ïŋ―ïŋ―ïŋ―ïŋ―,1
Binnie Paradise ïŋ―ïŋ―ïŋ―ïŋ―ï,3752062728,https://t.me/+L2eZtMxk7jgyNWM1,Error,4
Binnie Paradise ïŋ―ïŋ―ïŋ―ïŋ―ï,3752062728,https://t.me/+L2eZtMxk7jgyNWM1,Fin & Voc,6
CiCi Beauty ïŋ―ïŋ―ïŋ―ïŋ―ïŋ,3768124152,https://t.me/+Ec3l-oKSNZw1MjU1,Pick Up/Urgent/ïŋ―ïŋ―ïŋ―ïŋ―ïŋ―ïŋ―ïŋ―ïŋ―ïŋ―ïŋ―,1
CiCi Beauty ïŋ―ïŋ―ïŋ―ïŋ―ïŋ,3768124152,https://t.me/+Ec3l-oKSNZw1MjU1,Error,4
CiCi Beauty ïŋ―ïŋ―ïŋ―ïŋ―ïŋ,3768124152,https://t.me/+Ec3l-oKSNZw1MjU1,Fin & Voc,6
Sale By Butterflyïŋ―ïŋ―ïŋ―ïŋ―ï,3792619824,https://t.me/+zcFP-eA5Gm03NzRl,Pick Up/Urgent/ïŋ―ïŋ―ïŋ―ïŋ―ïŋ―ïŋ―ïŋ―ïŋ―ïŋ―ïŋ―,1
Sale By Butterflyïŋ―ïŋ―ïŋ―ïŋ―ï,3792619824,https://t.me/+zcFP-eA5Gm03NzRl,Error,4
Sale By Butterflyïŋ―ïŋ―ïŋ―ïŋ―ï,3792619824,https://t.me/+zcFP-eA5Gm03NzRl,Fin & Voc,6
Honey Accessoriesïŋ―ïŋ―ïŋ―ïŋ―ï,3529688950,https://t.me/+7YlHrW4fLBA0YTg9,Pick Up/Urgent/ïŋ―ïŋ―ïŋ―ïŋ―ïŋ―ïŋ―ïŋ―ïŋ―ïŋ―ïŋ―,1
Honey Accessoriesïŋ―ïŋ―ïŋ―ïŋ―ï,3529688950,https://t.me/+7YlHrW4fLBA0YTg9,Error,4
Honey Accessoriesïŋ―ïŋ―ïŋ―ïŋ―ï,3529688950,https://t.me/+7YlHrW4fLBA0YTg9,Fin & Voc,6
KPC ïŋ―ïŋ―ïŋ―ïŋ―ï,3747069565,https://t.me/+BbPE_rTzFzcyNjNl,Pick Up/Urgent/ïŋ―ïŋ―ïŋ―ïŋ―ïŋ―ïŋ―ïŋ―ïŋ―ïŋ―ïŋ―,1
KPC ïŋ―ïŋ―ïŋ―ïŋ―ï,3747069565,https://t.me/+BbPE_rTzFzcyNjNl,Error,4
KPC ïŋ―ïŋ―ïŋ―ïŋ―ï,3747069565,https://t.me/+BbPE_rTzFzcyNjNl,Fin & Voc,6
VintaGlow ïŋ―ïŋ―ïŋ―ïŋ―ï,3764407042,https://t.me/+m1xLgEfHXkQwY2Nl,Pick Up/Urgent/ïŋ―ïŋ―ïŋ―ïŋ―ïŋ―ïŋ―ïŋ―ïŋ―ïŋ―ïŋ―,1
VintaGlow ïŋ―ïŋ―ïŋ―ïŋ―ï,3764407042,https://t.me/+m1xLgEfHXkQwY2Nl,Error,4
VintaGlow ïŋ―ïŋ―ïŋ―ïŋ―ï,3764407042,https://t.me/+m1xLgEfHXkQwY2Nl,Fin & Voc,6
NNKW Bookstore ïŋ―ïŋ―ïŋ―ïŋ―ï,3780967023,https://t.me/+NnNnM0UkW703OTA1,Pick Up/Urgent/ïŋ―ïŋ―ïŋ―ïŋ―ïŋ―ïŋ―ïŋ―ïŋ―ïŋ―ïŋ―,1
NNKW Bookstore ïŋ―ïŋ―ïŋ―ïŋ―ï,3780967023,https://t.me/+NnNnM0UkW703OTA1,Error,4
NNKW Bookstore ïŋ―ïŋ―ïŋ―ïŋ―ï,3780967023,https://t.me/+NnNnM0UkW703OTA1,Fin & Voc,6
SkinCare NextStep ïŋ―ïŋ―ïŋ―ïŋ―ï,3898476625,https://t.me/+EAGZRKX3w7ViYWY9,Pick Up/Urgent/ïŋ―ïŋ―ïŋ―ïŋ―ïŋ―ïŋ―ïŋ―ïŋ―ïŋ―ïŋ―,1
SkinCare NextStep ïŋ―ïŋ―ïŋ―ïŋ―ï,3898476625,https://t.me/+EAGZRKX3w7ViYWY9,Error,4
SkinCare NextStep ïŋ―ïŋ―ïŋ―ïŋ―ï,3898476625,https://t.me/+EAGZRKX3w7ViYWY9,Fin & Voc,6
Scarlett Vintage ïŋ―ïŋ―ïŋ―ïŋ―ï,3812469475,https://t.me/+CccPf1N6PEU2NmQ1,Pick Up/Urgent/ïŋ―ïŋ―ïŋ―ïŋ―ïŋ―ïŋ―ïŋ―ïŋ―ïŋ―ïŋ―,1
Scarlett Vintage ïŋ―ïŋ―ïŋ―ïŋ―ï,3812469475,https://t.me/+CccPf1N6PEU2NmQ1,Error,4
Scarlett Vintage ïŋ―ïŋ―ïŋ―ïŋ―ï,3812469475,https://t.me/+CccPf1N6PEU2NmQ1,Fin & Voc,6
KSJB ïŋ―ïŋ―ïŋ―ïŋ―ï,3883905797,https://t.me/+9QB8FPNeXEtlMjVl,Pick Up/Urgent/ïŋ―ïŋ―ïŋ―ïŋ―ïŋ―ïŋ―ïŋ―ïŋ―ïŋ―ïŋ―,1
KSJB ïŋ―ïŋ―ïŋ―ïŋ―ï,3883905797,https://t.me/+9QB8FPNeXEtlMjVl,Error,4
KSJB ïŋ―ïŋ―ïŋ―ïŋ―ï,3883905797,https://t.me/+9QB8FPNeXEtlMjVl,Fin & Voc,6
Nephophile ïŋ―ïŋ―ïŋ―ïŋ―ï,3250479427,https://t.me/+cOl7a_FBcJplMzI1,Pick Up/Urgent/ïŋ―ïŋ―ïŋ―ïŋ―ïŋ―ïŋ―ïŋ―ïŋ―ïŋ―ïŋ―,1
Nephophile ïŋ―ïŋ―ïŋ―ïŋ―ï,3250479427,https://t.me/+cOl7a_FBcJplMzI1,Error,4
Nephophile ïŋ―ïŋ―ïŋ―ïŋ―ï,3250479427,https://t.me/+cOl7a_FBcJplMzI1,Fin & Voc,6
Pyo Ou Yin ïŋ―ïŋ―ïŋ―ïŋ―ï,3783350266,https://t.me/+Po_yDDEwtslmZDQ1,Pick Up/Urgent/ïŋ―ïŋ―ïŋ―ïŋ―ïŋ―ïŋ―ïŋ―ïŋ―ïŋ―ïŋ―,1
Pyo Ou Yin ïŋ―ïŋ―ïŋ―ïŋ―ï,3783350266,https://t.me/+Po_yDDEwtslmZDQ1,Error,4
Pyo Ou Yin ïŋ―ïŋ―ïŋ―ïŋ―ï,3783350266,https://t.me/+Po_yDDEwtslmZDQ1,Fin & Voc,6
IVY Essential ïŋ―ïŋ―ïŋ―ïŋ―ï,3633412428,https://t.me/+cvi0wx6Tfu03OGY9,Pick Up/Urgent/ïŋ―ïŋ―ïŋ―ïŋ―ïŋ―ïŋ―ïŋ―ïŋ―ïŋ―ïŋ―,1
IVY Essential ïŋ―ïŋ―ïŋ―ïŋ―ï,3633412428,https://t.me/+cvi0wx6Tfu03OGY9,Error,4
IVY Essential ïŋ―ïŋ―ïŋ―ïŋ―ï,3633412428,https://t.me/+cvi0wx6Tfu03OGY9,Fin & Voc,6
Sis Clothes ïŋ―ïŋ―ïŋ―ïŋ―ï,3838712029,https://t.me/+1wu8G4bLJHg5N2E1,Pick Up/Urgent/ïŋ―ïŋ―ïŋ―ïŋ―ïŋ―ïŋ―ïŋ―ïŋ―ïŋ―ïŋ―,1
Sis Clothes ïŋ―ïŋ―ïŋ―ïŋ―ï,3838712029,https://t.me/+1wu8G4bLJHg5N2E1,Error,4
Sis Clothes ïŋ―ïŋ―ïŋ―ïŋ―ï,3838712029,https://t.me/+1wu8G4bLJHg5N2E1,Fin & Voc,6
ITTC ïŋ―ïŋ―ïŋ―ïŋ―ï,3852412184,https://t.me/+XRJmhUtkWVs2ZjBl,Pick Up/Urgent/ïŋ―ïŋ―ïŋ―ïŋ―ïŋ―ïŋ―ïŋ―ïŋ―ïŋ―ïŋ―,1
ITTC ïŋ―ïŋ―ïŋ―ïŋ―ï,3852412184,https://t.me/+XRJmhUtkWVs2ZjBl,Error,4
ITTC ïŋ―ïŋ―ïŋ―ïŋ―ï,3852412184,https://t.me/+XRJmhUtkWVs2ZjBl,Fin & Voc,6
PuffyCo ïŋ―ïŋ―ïŋ―ïŋ―ï,3846482699,https://t.me/+t57t8pOWQikxOGE1,Pick Up/Urgent/ïŋ―ïŋ―ïŋ―ïŋ―ïŋ―ïŋ―ïŋ―ïŋ―ïŋ―ïŋ―,1
PuffyCo ïŋ―ïŋ―ïŋ―ïŋ―ï,3846482699,https://t.me/+t57t8pOWQikxOGE1,Error,4
PuffyCo ïŋ―ïŋ―ïŋ―ïŋ―ï,3846482699,https://t.me/+t57t8pOWQikxOGE1,Fin & Voc,6
"Shun Lett"" May ïŋ―ïŋ―ïŋ―ïŋ―ï",3772742014,https://t.me/+vxMysGeVNxU4YzFl,Pick Up/Urgent/ïŋ―ïŋ―ïŋ―ïŋ―ïŋ―ïŋ―ïŋ―ïŋ―ïŋ―ïŋ―,1
"Shun Lett"" May ïŋ―ïŋ―ïŋ―ïŋ―ï",3772742014,https://t.me/+vxMysGeVNxU4YzFl,Error,4
"Shun Lett"" May ïŋ―ïŋ―ïŋ―ïŋ―ï",3772742014,https://t.me/+vxMysGeVNxU4YzFl,Fin & Voc,6
Scarlett Beauty ïŋ―ïŋ―ïŋ―ïŋ―ï,3798966794,https://t.me/+AoXjON8KAEEzNjg1,Pick Up/Urgent/ïŋ―ïŋ―ïŋ―ïŋ―ïŋ―ïŋ―ïŋ―ïŋ―ïŋ―ïŋ―,1
Scarlett Beauty ïŋ―ïŋ―ïŋ―ïŋ―ï,3798966794,https://t.me/+AoXjON8KAEEzNjg1,Error,4
Scarlett Beauty ïŋ―ïŋ―ïŋ―ïŋ―ï,3798966794,https://t.me/+AoXjON8KAEEzNjg1,Fin & Voc,6
ZwePremium Clothing ïŋ―ïŋ―ïŋ―ïŋ―ï,3762652335,https://t.me/+jBqTtPr8LX0xNTg1,Pick Up/Urgent/ïŋ―ïŋ―ïŋ―ïŋ―ïŋ―ïŋ―ïŋ―ïŋ―ïŋ―ïŋ―,1
ZwePremium Clothing ïŋ―ïŋ―ïŋ―ïŋ―ï,3762652335,https://t.me/+jBqTtPr8LX0xNTg1,Error,4
ZwePremium Clothing ïŋ―ïŋ―ïŋ―ïŋ―ï,3762652335,https://t.me/+jBqTtPr8LX0xNTg1,Fin & Voc,6
Mini Less Is Moreïŋ―ïŋ―ïŋ―ïŋ―ï,3513092963,https://t.me/+LHBYa82L6wIwY2Vl,Pick Up/Urgent/ïŋ―ïŋ―ïŋ―ïŋ―ïŋ―ïŋ―ïŋ―ïŋ―ïŋ―ïŋ―,1
Mini Less Is Moreïŋ―ïŋ―ïŋ―ïŋ―ï,3513092963,https://t.me/+LHBYa82L6wIwY2Vl,Error,4
Mini Less Is Moreïŋ―ïŋ―ïŋ―ïŋ―ï,3513092963,https://t.me/+LHBYa82L6wIwY2Vl,Fin & Voc,6
BPink Girl ïŋ―ïŋ―ïŋ―ïŋ―ï,3823820784,https://t.me/+W82H6DQwFXhkYzQ9,Pick Up/Urgent/ïŋ―ïŋ―ïŋ―ïŋ―ïŋ―ïŋ―ïŋ―ïŋ―ïŋ―ïŋ―,1
BPink Girl ïŋ―ïŋ―ïŋ―ïŋ―ï,3823820784,https://t.me/+W82H6DQwFXhkYzQ9,Error,4
BPink Girl ïŋ―ïŋ―ïŋ―ïŋ―ï,3823820784,https://t.me/+W82H6DQwFXhkYzQ9,Fin & Voc,6
Poe Products For You ïŋ―ïŋ―ïŋ―ïŋ―ï,3719485296,https://t.me/+N7lHMGeNuQkxNDQ1,General,1
ChawSu Store ïŋ―ïŋ―ïŋ―ïŋ―ï,3731552887,https://t.me/+NUYNgfjfCJY1MTVl,General,1
JFY ïŋ―ïŋ―ïŋ―ïŋ―ï,3361319863,https://t.me/+vASt33BcreU5YjBl,General,1
Khin Glory ïŋ―ïŋ―ïŋ―ïŋ―ï,3646045828,https://t.me/+iWiI8VEK5FM0YThl,General,1
Thiri Beauty Bountyïŋ―ïŋ―ïŋ―ïŋ―ï,3868121514,https://t.me/+LAz1xeZDBUhkYmQ1,Pick Up/Urgent/ïŋ―ïŋ―ïŋ―ïŋ―ïŋ―ïŋ―ïŋ―ïŋ―ïŋ―ïŋ―,1
Thiri Beauty Bountyïŋ―ïŋ―ïŋ―ïŋ―ï,3868121514,https://t.me/+LAz1xeZDBUhkYmQ1,Error,4
Thiri Beauty Bountyïŋ―ïŋ―ïŋ―ïŋ―ï,3868121514,https://t.me/+LAz1xeZDBUhkYmQ1,Fin & Voc,6
PL Floral ïŋ―ïŋ―ïŋ―ïŋ―ï,3855834316,https://t.me/+uQLHY2d1BoI1M2U1,Pick Up/Urgent/ïŋ―ïŋ―ïŋ―ïŋ―ïŋ―ïŋ―ïŋ―ïŋ―ïŋ―ïŋ―,1
PL Floral ïŋ―ïŋ―ïŋ―ïŋ―ï,3855834316,https://t.me/+uQLHY2d1BoI1M2U1,Error,4
PL Floral ïŋ―ïŋ―ïŋ―ïŋ―ï,3855834316,https://t.me/+uQLHY2d1BoI1M2U1,Fin & Voc,6
Thazin ïŋ―ïŋ―ïŋ―ïŋ―ï,3595875049,https://t.me/+SsgJxNvJmdVhMjU1,Pick Up/Urgent/ïŋ―ïŋ―ïŋ―ïŋ―ïŋ―ïŋ―ïŋ―ïŋ―ïŋ―ïŋ―,1
Thazin ïŋ―ïŋ―ïŋ―ïŋ―ï,3595875049,https://t.me/+SsgJxNvJmdVhMjU1,Error,4
Thazin ïŋ―ïŋ―ïŋ―ïŋ―ï,3595875049,https://t.me/+SsgJxNvJmdVhMjU1,Fin & Voc,6
Thiri Beauty Bountyïŋ―ïŋ―ïŋ―ïŋ―ï,3822695947,https://t.me/+cJ7gM5KH6bg3MDI1,Pick Up/Urgent/ïŋ―ïŋ―ïŋ―ïŋ―ïŋ―ïŋ―ïŋ―ïŋ―ïŋ―ïŋ―,1
Thiri Beauty Bountyïŋ―ïŋ―ïŋ―ïŋ―ï,3822695947,https://t.me/+cJ7gM5KH6bg3MDI1,Error,4
Thiri Beauty Bountyïŋ―ïŋ―ïŋ―ïŋ―ï,3822695947,https://t.me/+cJ7gM5KH6bg3MDI1,Fin & Voc,6
Su&Zar Lady ïŋ―ïŋ―ïŋ―ïŋ―ï,3599341336,https://t.me/+r0bDpSoerXA1NTA1,Pick Up/Urgent/ïŋ―ïŋ―ïŋ―ïŋ―ïŋ―ïŋ―ïŋ―ïŋ―ïŋ―ïŋ―,1
Su&Zar Lady ïŋ―ïŋ―ïŋ―ïŋ―ï,3599341336,https://t.me/+r0bDpSoerXA1NTA1,Error,4
Su&Zar Lady ïŋ―ïŋ―ïŋ―ïŋ―ï,3599341336,https://t.me/+r0bDpSoerXA1NTA1,Fin & Voc,6
PiggyKitKit ïŋ―ïŋ―ïŋ―ïŋ―ï,3513582211,https://t.me/+hHLLmzwqF3swNGRl,Pick Up/Urgent/ïŋ―ïŋ―ïŋ―ïŋ―ïŋ―ïŋ―ïŋ―ïŋ―ïŋ―ïŋ―,1
PiggyKitKit ïŋ―ïŋ―ïŋ―ïŋ―ï,3513582211,https://t.me/+hHLLmzwqF3swNGRl,Error,4
PiggyKitKit ïŋ―ïŋ―ïŋ―ïŋ―ï,3513582211,https://t.me/+hHLLmzwqF3swNGRl,Fin & Voc,6
Retro Bites  ïŋ―ïŋ―ïŋ―ïŋ―ï,3720313785,https://t.me/+OJ5rxJsQXRtmNGE1,Pick Up/Urgent/ïŋ―ïŋ―ïŋ―ïŋ―ïŋ―ïŋ―ïŋ―ïŋ―ïŋ―ïŋ―,1
Retro Bites  ïŋ―ïŋ―ïŋ―ïŋ―ï,3720313785,https://t.me/+OJ5rxJsQXRtmNGE1,Error,4
Retro Bites  ïŋ―ïŋ―ïŋ―ïŋ―ï,3720313785,https://t.me/+OJ5rxJsQXRtmNGE1,Fin & Voc,6
Charcoal ïŋ―ïŋ―ïŋ―ïŋ―ï,3707562121,https://t.me/+lfmFCY3JHbZhNWZl,Pick Up/Urgent/ïŋ―ïŋ―ïŋ―ïŋ―ïŋ―ïŋ―ïŋ―ïŋ―ïŋ―ïŋ―,1
Charcoal ïŋ―ïŋ―ïŋ―ïŋ―ï,3707562121,https://t.me/+lfmFCY3JHbZhNWZl,Error,4
Charcoal ïŋ―ïŋ―ïŋ―ïŋ―ï,3707562121,https://t.me/+lfmFCY3JHbZhNWZl,Fin & Voc,6
May May Thae ïŋ―ïŋ―ïŋ―ïŋ―ï,3329445346,https://t.me/+ZZJpZuHwGJ05ZDI9,Pick Up/Urgent/ïŋ―ïŋ―ïŋ―ïŋ―ïŋ―ïŋ―ïŋ―ïŋ―ïŋ―ïŋ―,1
May May Thae ïŋ―ïŋ―ïŋ―ïŋ―ï,3329445346,https://t.me/+ZZJpZuHwGJ05ZDI9,Error,4
May May Thae ïŋ―ïŋ―ïŋ―ïŋ―ï,3329445346,https://t.me/+ZZJpZuHwGJ05ZDI9,Fin & Voc,6
Glowic Beauty ïŋ―ïŋ―ïŋ―ïŋ―ï,3692715477,https://t.me/+g0KK4NEcu8VkMDY1,General,1
Harmonyïŋ―ïŋ―ïŋ―ïŋ―ïŋ―ïŋ―ïŋ―,3791802416,https://t.me/+GZiRty8vIDk0NjJl,General,1
PoeMiMi Collection ïŋ―ïŋ―ïŋ―ïŋ―ï,3121725085,https://t.me/+-_CL1G2sc5xiZDNl,General,1
Ko Htet ïŋ―ïŋ―ïŋ―ïŋ―ï,3892178563,https://t.me/+aWnNXat8WNY2OGU1,General,1
Ever smile ïŋ―ïŋ―ïŋ―ïŋ―ï,3867060959,https://t.me/+IAEH8EkjEZJjODVl,General,1
Ko Htet ïŋ―ïŋ―ïŋ―ïŋ―ï,3739231843,https://t.me/+Pn--C--VZGo4YmNl,Pick Up/Urgent/ïŋ―ïŋ―ïŋ―ïŋ―ïŋ―ïŋ―ïŋ―ïŋ―ïŋ―ïŋ―,1
Ko Htet ïŋ―ïŋ―ïŋ―ïŋ―ï,3739231843,https://t.me/+Pn--C--VZGo4YmNl,Error,4
Ko Htet ïŋ―ïŋ―ïŋ―ïŋ―ï,3739231843,https://t.me/+Pn--C--VZGo4YmNl,Fin & Voc,6
Ever smile ïŋ―ïŋ―ïŋ―ïŋ―ï,3837547495,https://t.me/+SGPvTys-mHNiM2Y1,Pick Up/Urgent/ïŋ―ïŋ―ïŋ―ïŋ―ïŋ―ïŋ―ïŋ―ïŋ―ïŋ―ïŋ―,1
Ever smile ïŋ―ïŋ―ïŋ―ïŋ―ï,3837547495,https://t.me/+SGPvTys-mHNiM2Y1,Error,4
Ever smile ïŋ―ïŋ―ïŋ―ïŋ―ï,3837547495,https://t.me/+SGPvTys-mHNiM2Y1,Fin & Voc,6
The Girl Studio ïŋ―ïŋ―ïŋ―ïŋ―ï,3673216999,https://t.me/+vveU_ZSvzOg4YWZl,Pick Up/Urgent/ïŋ―ïŋ―ïŋ―ïŋ―ïŋ―ïŋ―ïŋ―ïŋ―ïŋ―ïŋ―,1
The Girl Studio ïŋ―ïŋ―ïŋ―ïŋ―ï,3673216999,https://t.me/+vveU_ZSvzOg4YWZl,Error,4
The Girl Studio ïŋ―ïŋ―ïŋ―ïŋ―ï,3673216999,https://t.me/+vveU_ZSvzOg4YWZl,Fin & Voc,6
YuYu Baby ïŋ―ïŋ―ïŋ―ïŋ―ï,3760073283,https://t.me/+GT9KKkanhZZiNmFl,Pick Up/Urgent/ïŋ―ïŋ―ïŋ―ïŋ―ïŋ―ïŋ―ïŋ―ïŋ―ïŋ―ïŋ―,1
YuYu Baby ïŋ―ïŋ―ïŋ―ïŋ―ï,3760073283,https://t.me/+GT9KKkanhZZiNmFl,Error,4
YuYu Baby ïŋ―ïŋ―ïŋ―ïŋ―ï,3760073283,https://t.me/+GT9KKkanhZZiNmFl,Fin & Voc,6
Vogue Os ïŋ―ïŋ―ïŋ―ïŋ―ï,3800154878,https://t.me/+Yyc4LP7Nheg1ODM1,Pick Up/Urgent/ïŋ―ïŋ―ïŋ―ïŋ―ïŋ―ïŋ―ïŋ―ïŋ―ïŋ―ïŋ―,1
Vogue Os ïŋ―ïŋ―ïŋ―ïŋ―ï,3800154878,https://t.me/+Yyc4LP7Nheg1ODM1,Error,4
Vogue Os ïŋ―ïŋ―ïŋ―ïŋ―ï,3800154878,https://t.me/+Yyc4LP7Nheg1ODM1,Fin & Voc,6
JJ ïŋ―ïŋ―ïŋ―ïŋ―ï,3736070223,https://t.me/+YijuS5jjqilhMmQ1,Pick Up/Urgent/ïŋ―ïŋ―ïŋ―ïŋ―ïŋ―ïŋ―ïŋ―ïŋ―ïŋ―ïŋ―,1
JJ ïŋ―ïŋ―ïŋ―ïŋ―ï,3736070223,https://t.me/+YijuS5jjqilhMmQ1,Error,4
JJ ïŋ―ïŋ―ïŋ―ïŋ―ï,3736070223,https://t.me/+YijuS5jjqilhMmQ1,Fin & Voc,6
Aerial Fashion ïŋ―ïŋ―ïŋ―ïŋ―ï,3797626402,https://t.me/+HjE9r9k5dtYzYjY1,Pick Up/Urgent/ïŋ―ïŋ―ïŋ―ïŋ―ïŋ―ïŋ―ïŋ―ïŋ―ïŋ―ïŋ―,1
Aerial Fashion ïŋ―ïŋ―ïŋ―ïŋ―ï,3797626402,https://t.me/+HjE9r9k5dtYzYjY1,Error,4
Aerial Fashion ïŋ―ïŋ―ïŋ―ïŋ―ï,3797626402,https://t.me/+HjE9r9k5dtYzYjY1,Fin & Voc,6
Angel Lay ïŋ―ïŋ―ïŋ―ïŋ―ï,3881120872,https://t.me/+6WcYNw3rH0M4YjBl,Pick Up/Urgent/ïŋ―ïŋ―ïŋ―ïŋ―ïŋ―ïŋ―ïŋ―ïŋ―ïŋ―ïŋ―,1
Angel Lay ïŋ―ïŋ―ïŋ―ïŋ―ï,3881120872,https://t.me/+6WcYNw3rH0M4YjBl,Error,4
Angel Lay ïŋ―ïŋ―ïŋ―ïŋ―ï,3881120872,https://t.me/+6WcYNw3rH0M4YjBl,Fin & Voc,6
Timeless ïŋ―ïŋ―ïŋ―ïŋ―ï,3820144819,https://t.me/+3jMrpEu2pnc4YjVl,Pick Up/Urgent/ïŋ―ïŋ―ïŋ―ïŋ―ïŋ―ïŋ―ïŋ―ïŋ―ïŋ―ïŋ―,1
Timeless ïŋ―ïŋ―ïŋ―ïŋ―ï,3820144819,https://t.me/+3jMrpEu2pnc4YjVl,Error,4
Timeless ïŋ―ïŋ―ïŋ―ïŋ―ï,3820144819,https://t.me/+3jMrpEu2pnc4YjVl,Fin & Voc,6
KKT Online Shop ïŋ―ïŋ―ïŋ―ïŋ―ï,3563646139,https://t.me/+CMqNIkLnfLI3ODhl,Pick Up/Urgent/ïŋ―ïŋ―ïŋ―ïŋ―ïŋ―ïŋ―ïŋ―ïŋ―ïŋ―ïŋ―,1
KKT Online Shop ïŋ―ïŋ―ïŋ―ïŋ―ï,3563646139,https://t.me/+CMqNIkLnfLI3ODhl,Error,4
KKT Online Shop ïŋ―ïŋ―ïŋ―ïŋ―ï,3563646139,https://t.me/+CMqNIkLnfLI3ODhl,Fin & Voc,6
Comfort With Meïŋ―ïŋ―ïŋ―ïŋ―ï,3635709343,https://t.me/+st2SfynoLkM3MzA1,Pick Up/Urgent/ïŋ―ïŋ―ïŋ―ïŋ―ïŋ―ïŋ―ïŋ―ïŋ―ïŋ―ïŋ―,1
Comfort With Meïŋ―ïŋ―ïŋ―ïŋ―ï,3635709343,https://t.me/+st2SfynoLkM3MzA1,Error,4
Comfort With Meïŋ―ïŋ―ïŋ―ïŋ―ï,3635709343,https://t.me/+st2SfynoLkM3MzA1,Fin & Voc,6
Vintage Paradise ïŋ―ïŋ―ïŋ―ïŋ―,3804684425,https://t.me/+I6xNhuV71wYwNTNl,Pick Up/Urgent/ïŋ―ïŋ―ïŋ―ïŋ―ïŋ―ïŋ―ïŋ―ïŋ―ïŋ―ïŋ―,1
Vintage Paradise ïŋ―ïŋ―ïŋ―ïŋ―,3804684425,https://t.me/+I6xNhuV71wYwNTNl,Error,4
Vintage Paradise ïŋ―ïŋ―ïŋ―ïŋ―,3804684425,https://t.me/+I6xNhuV71wYwNTNl,Fin & Voc,6
Gi & Ci ïŋ―ïŋ―ïŋ―ïŋ―ï,3801077622,https://t.me/+lpetsQ0fJd8yNzI1,Pick Up/Urgent/ïŋ―ïŋ―ïŋ―ïŋ―ïŋ―ïŋ―ïŋ―ïŋ―ïŋ―ïŋ―,1
Gi & Ci ïŋ―ïŋ―ïŋ―ïŋ―ï,3801077622,https://t.me/+lpetsQ0fJd8yNzI1,Error,4
Gi & Ci ïŋ―ïŋ―ïŋ―ïŋ―ï,3801077622,https://t.me/+lpetsQ0fJd8yNzI1,Fin & Voc,6
Ni Used Clothing ïŋ―ïŋ―ïŋ―ïŋ―ï,3541168810,https://t.me/+fG725Uah7845YTM1,Pick Up/Urgent/ïŋ―ïŋ―ïŋ―ïŋ―ïŋ―ïŋ―ïŋ―ïŋ―ïŋ―ïŋ―,1
Ni Used Clothing ïŋ―ïŋ―ïŋ―ïŋ―ï,3541168810,https://t.me/+fG725Uah7845YTM1,Error,4
Ni Used Clothing ïŋ―ïŋ―ïŋ―ïŋ―ï,3541168810,https://t.me/+fG725Uah7845YTM1,Fin & Voc,6
SunFlower ïŋ―ïŋ―ïŋ―ïŋ―ï,3723204023,https://t.me/+qW3B4PF5e4EyNzE1,Pick Up/Urgent/ïŋ―ïŋ―ïŋ―ïŋ―ïŋ―ïŋ―ïŋ―ïŋ―ïŋ―ïŋ―,1
SunFlower ïŋ―ïŋ―ïŋ―ïŋ―ï,3723204023,https://t.me/+qW3B4PF5e4EyNzE1,Error,4
SunFlower ïŋ―ïŋ―ïŋ―ïŋ―ï,3723204023,https://t.me/+qW3B4PF5e4EyNzE1,Fin & Voc,6
Meachy ïŋ―ïŋ―ïŋ―ïŋ―ï,3830280576,https://t.me/+imX4ODEm8t8zNzE1,Pick Up/Urgent/ïŋ―ïŋ―ïŋ―ïŋ―ïŋ―ïŋ―ïŋ―ïŋ―ïŋ―ïŋ―,1
Meachy ïŋ―ïŋ―ïŋ―ïŋ―ï,3830280576,https://t.me/+imX4ODEm8t8zNzE1,Error,4
Meachy ïŋ―ïŋ―ïŋ―ïŋ―ï,3830280576,https://t.me/+imX4ODEm8t8zNzE1,Fin & Voc,6
Ma Khin Wadi ïŋ―ïŋ―ïŋ―ïŋ―ï,3587400346,https://t.me/+c4HmBpZ7lkI2N2U1,Pick Up/Urgent/ïŋ―ïŋ―ïŋ―ïŋ―ïŋ―ïŋ―ïŋ―ïŋ―ïŋ―ïŋ―,1
Ma Khin Wadi ïŋ―ïŋ―ïŋ―ïŋ―ï,3587400346,https://t.me/+c4HmBpZ7lkI2N2U1,Error,4
Ma Khin Wadi ïŋ―ïŋ―ïŋ―ïŋ―ï,3587400346,https://t.me/+c4HmBpZ7lkI2N2U1,Fin & Voc,6
RETRO ïŋ―ïŋ―ïŋ―ïŋ―ï,3766245638,https://t.me/+4_G6gPsMfC03OTI1,Pick Up/Urgent/ïŋ―ïŋ―ïŋ―ïŋ―ïŋ―ïŋ―ïŋ―ïŋ―ïŋ―ïŋ―,1
RETRO ïŋ―ïŋ―ïŋ―ïŋ―ï,3766245638,https://t.me/+4_G6gPsMfC03OTI1,Error,4
RETRO ïŋ―ïŋ―ïŋ―ïŋ―ï,3766245638,https://t.me/+4_G6gPsMfC03OTI1,Fin & Voc,6
KTMT/MarSu Collection ïŋ―ïŋ―ïŋ―ïŋ―ï,3809238809,https://t.me/+T1mnfHfI_FVhZDE9,Pick Up/Urgent/ïŋ―ïŋ―ïŋ―ïŋ―ïŋ―ïŋ―ïŋ―ïŋ―ïŋ―ïŋ―,1
KTMT/MarSu Collection ïŋ―ïŋ―ïŋ―ïŋ―ï,3809238809,https://t.me/+T1mnfHfI_FVhZDE9,Error,4
KTMT/MarSu Collection ïŋ―ïŋ―ïŋ―ïŋ―ï,3809238809,https://t.me/+T1mnfHfI_FVhZDE9,Fin & Voc,6
Moe Collection ïŋ―ïŋ―ïŋ―ïŋ―ïŋ,3872160078,https://t.me/+tcjsRyxa0BE0ZTA1,Pick Up/Urgent/ïŋ―ïŋ―ïŋ―ïŋ―ïŋ―ïŋ―ïŋ―ïŋ―ïŋ―ïŋ―,1
Moe Collection ïŋ―ïŋ―ïŋ―ïŋ―ïŋ,3872160078,https://t.me/+tcjsRyxa0BE0ZTA1,Error,4
Moe Collection ïŋ―ïŋ―ïŋ―ïŋ―ïŋ,3872160078,https://t.me/+tcjsRyxa0BE0ZTA1,Fin & Voc,6
KPC OS ïŋ―ïŋ―ïŋ―ïŋ―ïŋ,3812325795,https://t.me/+y1UL-r6mE_MyYmFl,Pick Up/Urgent/ïŋ―ïŋ―ïŋ―ïŋ―ïŋ―ïŋ―ïŋ―ïŋ―ïŋ―ïŋ―,1
KPC OS ïŋ―ïŋ―ïŋ―ïŋ―ïŋ,3812325795,https://t.me/+y1UL-r6mE_MyYmFl,Error,4
KPC OS ïŋ―ïŋ―ïŋ―ïŋ―ïŋ,3812325795,https://t.me/+y1UL-r6mE_MyYmFl,Fin & Voc,6
Skylar collection ïŋ―ïŋ―ïŋ―ïŋ―ï,3709069700,https://t.me/+QjdJBS4Ie2RjNjU1,Pick Up/Urgent/ïŋ―ïŋ―ïŋ―ïŋ―ïŋ―ïŋ―ïŋ―ïŋ―ïŋ―ïŋ―,1
Skylar collection ïŋ―ïŋ―ïŋ―ïŋ―ï,3709069700,https://t.me/+QjdJBS4Ie2RjNjU1,Error,4
Skylar collection ïŋ―ïŋ―ïŋ―ïŋ―ï,3709069700,https://t.me/+QjdJBS4Ie2RjNjU1,Fin & Voc,6
SportHouse ïŋ―ïŋ―ïŋ―ïŋ―ï,3650157592,https://t.me/+kV44JknFH0NiZDM1,Pick Up/Urgent/ïŋ―ïŋ―ïŋ―ïŋ―ïŋ―ïŋ―ïŋ―ïŋ―ïŋ―ïŋ―,1
SportHouse ïŋ―ïŋ―ïŋ―ïŋ―ï,3650157592,https://t.me/+kV44JknFH0NiZDM1,Error,4
SportHouse ïŋ―ïŋ―ïŋ―ïŋ―ï,3650157592,https://t.me/+kV44JknFH0NiZDM1,Fin & Voc,6
Lin Latt ïŋ―ïŋ―ïŋ―ïŋ―ï,3801802038,https://t.me/+N1MBU3OUrhc2MjQ9,Pick Up/Urgent/ïŋ―ïŋ―ïŋ―ïŋ―ïŋ―ïŋ―ïŋ―ïŋ―ïŋ―ïŋ―,1
Lin Latt ïŋ―ïŋ―ïŋ―ïŋ―ï,3801802038,https://t.me/+N1MBU3OUrhc2MjQ9,Error,4
Lin Latt ïŋ―ïŋ―ïŋ―ïŋ―ï,3801802038,https://t.me/+N1MBU3OUrhc2MjQ9,Fin & Voc,6
Pan's Catalogue ðĪ CarryMan Delive,,https://t.me/+ZzAP2DW9zaQ1OWM9,Pick Up/Urgent/ïŋ―ïŋ―ïŋ―ïŋ―ïŋ―ïŋ―ïŋ―ïŋ―ïŋ―ïŋ―,1
Pan's Catalogue ðĪ CarryMan Delive,,https://t.me/+ZzAP2DW9zaQ1OWM9,Error,4
Pan's Catalogue ðĪ CarryMan Delive,,https://t.me/+ZzAP2DW9zaQ1OWM9,Fin & Voc,6
Lar Well ðĪ CarryMan,3709865030,https://t.me/+331KzRpbh_81MWE1,Pick Up/Urgent/ááŊáķááášáļáááš,1,Uncategorized
Lar Well ðĪ CarryMan,3709865030,https://t.me/+331KzRpbh_81MWE1,Error,4,Uncategorized
Lar Well ðĪ CarryMan,3709865030,https://t.me/+331KzRpbh_81MWE1,Fin & Voc,6,Uncategorized
Ever Shine Products ðĪ CarryMan,3737896770,https://t.me/+RzVtMHQbC2RkMWY1,Pick Up/Urgent/ááŊáķááášáļáááš,1,Uncategorized
Ever Shine Products ðĪ CarryMan,3737896770,https://t.me/+RzVtMHQbC2RkMWY1,Error,4,Uncategorized
Ever Shine Products ðĪ CarryMan,3737896770,https://t.me/+RzVtMHQbC2RkMWY1,Fin & Voc,6,Uncategorized
Ma Phyo ðĪ CarryMan,3802555681,https://t.me/+jSlbOy7JpIhkOTll,Pick Up/Urgent/ááŊáķááášáļáááš,1,Uncategorized
Ma Phyo ðĪ CarryMan,3802555681,https://t.me/+jSlbOy7JpIhkOTll,Error,4,Uncategorized
Ma Phyo ðĪ CarryMan,3802555681,https://t.me/+jSlbOy7JpIhkOTll,Fin & Voc,6,Uncategorized
LadyCollection ðĪ CarryMan,3719330462,https://t.me/+HhWKtHksQkQwNjI1,Pick Up/Urgent/ááŊáķááášáļáááš,1,Uncategorized
LadyCollection ðĪ CarryMan,3719330462,https://t.me/+HhWKtHksQkQwNjI1,Error,4,Uncategorized
LadyCollection ðĪ CarryMan,3719330462,https://t.me/+HhWKtHksQkQwNjI1,Fin & Voc,6,Uncategorized
Timeless ðĪ CarryMan,3858582488,https://t.me/+I-EzDugtW7ozNWZl,Pick Up/Urgent/ááŊáķááášáļáááš,1,Uncategorized
Timeless ðĪ CarryMan,3858582488,https://t.me/+I-EzDugtW7ozNWZl,Error,4,Uncategorized
Timeless ðĪ CarryMan,3858582488,https://t.me/+I-EzDugtW7ozNWZl,Fin & Voc,6,Uncategorized
DM,3889915611,https://t.me/+rU6U5wvT_dRlYWM9,Pick Up/Urgent/ááŊáķááášáļáááš,1,Art Supplies ðĪ CarryMan
DM,3889915611,https://t.me/+rU6U5wvT_dRlYWM9,Error,4,Art Supplies ðĪ CarryMan
DM,3889915611,https://t.me/+rU6U5wvT_dRlYWM9,Fin & Voc,6,Art Supplies ðĪ CarryMan
Pretty KnitðĪ CarryMan,3767342298,https://t.me/+2WHb6ZAOMrYxYTJl,Pick Up/Urgent/ááŊáķááášáļáááš,1,Uncategorized
Pretty KnitðĪ CarryMan,3767342298,https://t.me/+2WHb6ZAOMrYxYTJl,Error,4,Uncategorized
Pretty KnitðĪ CarryMan,3767342298,https://t.me/+2WHb6ZAOMrYxYTJl,Fin & Voc,6,Uncategorized
Your Beauty ðĪ CarryMan,3733871126,https://t.me/+S2exg00BIdMwMWE1,Pick Up/Urgent/ááŊáķááášáļáááš,1,Uncategorized
Your Beauty ðĪ CarryMan,3733871126,https://t.me/+S2exg00BIdMwMWE1,Error,4,Uncategorized
Your Beauty ðĪ CarryMan,3733871126,https://t.me/+S2exg00BIdMwMWE1,Fin & Voc,6,Uncategorized
Lae ðĪ CarryMan,3741258609,https://t.me/+D2y1Kp5IKSs1Njc9,Pick Up/Urgent/ááŊáķááášáļáááš,1,Uncategorized
Lae ðĪ CarryMan,3741258609,https://t.me/+D2y1Kp5IKSs1Njc9,Error,4,Uncategorized
Lae ðĪ CarryMan,3741258609,https://t.me/+D2y1Kp5IKSs1Njc9,Fin & Voc,6,Uncategorized
PhyoLay ðĪ CarryMan,3849260656,https://t.me/+aIWyfQKPhn1mNTQ1,Pick Up/Urgent/ááŊáķááášáļáááš,1,Uncategorized
PhyoLay ðĪ CarryMan,3849260656,https://t.me/+aIWyfQKPhn1mNTQ1,Error,4,Uncategorized
PhyoLay ðĪ CarryMan,3849260656,https://t.me/+aIWyfQKPhn1mNTQ1,Fin & Voc,6,Uncategorized
Ri Ri ðĪ CarryMan,3872646970,https://t.me/+BqrYYlWrWVtlNzNl,General,1,Uncategorized
Kate By Eaindra ðĪ CarryMan,3798282216,https://t.me/+9urVoR5Ld0g4NDk9,General,1,Uncategorized
Ri Ri ðĪ CarryMan,3747323802,https://t.me/+5ZkQ5GvNPog3Nzhl,Pick Up/Urgent/ááŊáķááášáļáááš,1,Uncategorized
Ri Ri ðĪ CarryMan,3747323802,https://t.me/+5ZkQ5GvNPog3Nzhl,Error,4,Uncategorized
Ri Ri ðĪ CarryMan,3747323802,https://t.me/+5ZkQ5GvNPog3Nzhl,Fin & Voc,6,Uncategorized
Kate By Eaindra ðĪ CarryMan,3892986456,https://t.me/+xlXyFQ-CpLVjMmQ1,Pick Up/Urgent/ááŊáķááášáļáááš,1,Uncategorized
Kate By Eaindra ðĪ CarryMan,3892986456,https://t.me/+xlXyFQ-CpLVjMmQ1,Error,4,Uncategorized
Kate By Eaindra ðĪ CarryMan,3892986456,https://t.me/+xlXyFQ-CpLVjMmQ1,Fin & Voc,6,Uncategorized
Htoo Uniform ðĪ CarryMan,3503654381,https://t.me/+_y_sth8AGCZhZGY1,Pick Up/Urgent/ááŊáķááášáļáááš,1,Uncategorized
Htoo Uniform ðĪ CarryMan,3503654381,https://t.me/+_y_sth8AGCZhZGY1,Error,4,Uncategorized
Htoo Uniform ðĪ CarryMan,3503654381,https://t.me/+_y_sth8AGCZhZGY1,Fin & Voc,6,Uncategorized
ááąááąááē ðĪ CarryMan,3757321826,https://t.me/+xB8CCU5x60IxYWM1,Pick Up/Urgent/ááŊáķááášáļáááš,1,Uncategorized
ááąááąááē ðĪ CarryMan,3757321826,https://t.me/+xB8CCU5x60IxYWM1,Error,4,Uncategorized
ááąááąááē ðĪ CarryMan,3757321826,https://t.me/+xB8CCU5x60IxYWM1,Fin & Voc,6,Uncategorized
Twinkle ðĪ CarryMan,3861331021,https://t.me/+gabEkXFjJg5kYjM9,Pick Up/Urgent/ááŊáķááášáļáááš,1,Uncategorized
Twinkle ðĪ CarryMan,3861331021,https://t.me/+gabEkXFjJg5kYjM9,Error,4,Uncategorized
Twinkle ðĪ CarryMan,3861331021,https://t.me/+gabEkXFjJg5kYjM9,Fin & Voc,6,Uncategorized
Ph Cover World ðĪ CarryMan,3721342537,https://t.me/+961KW-jSStA3YTZl,Pick Up/Urgent/ááŊáķááášáļáááš,1,Uncategorized
Ph Cover World ðĪ CarryMan,3721342537,https://t.me/+961KW-jSStA3YTZl,Error,4,Uncategorized
Ph Cover World ðĪ CarryMan,3721342537,https://t.me/+961KW-jSStA3YTZl,Fin & Voc,6,Uncategorized
P 2 ðĪ CarryMan,3567788792,https://t.me/+JaaiznwigWIyODNl,Pick Up/Urgent/ááŊáķááášáļáááš,1,Uncategorized
P 2 ðĪ CarryMan,3567788792,https://t.me/+JaaiznwigWIyODNl,Error,4,Uncategorized
P 2 ðĪ CarryMan,3567788792,https://t.me/+JaaiznwigWIyODNl,Fin & Voc,6,Uncategorized
ááŧáášááūáášáá­áŊááš ðĪ CarryMan,3702835668,https://t.me/+SzSkTx3rvjQ1NzY1,Pick Up/Urgent/ááŊáķááášáļáááš,1,Uncategorized
ááŧáášááūáášáá­áŊááš ðĪ CarryMan,3702835668,https://t.me/+SzSkTx3rvjQ1NzY1,Error,4,Uncategorized
ááŧáášááūáášáá­áŊááš ðĪ CarryMan,3702835668,https://t.me/+SzSkTx3rvjQ1NzY1,Fin & Voc,6,Uncategorized
JJ ðĪ CarryMan,3810623540,https://t.me/+7FlwhjsIEzwwOTc1,Pick Up/Urgent/ááŊáķááášáļáááš,1,Uncategorized
JJ ðĪ CarryMan,3810623540,https://t.me/+7FlwhjsIEzwwOTc1,Error,4,Uncategorized
JJ ðĪ CarryMan,3810623540,https://t.me/+7FlwhjsIEzwwOTc1,Fin & Voc,6,Uncategorized
áá­áŊáļáá­áŊáášááŽááą ðĪ CarryMan,3569233047,https://t.me/+9pPipSLFNT9kYmE1,Pick Up/Urgent/ááŊáķááášáļáááš,1,Uncategorized
áá­áŊáļáá­áŊáášááŽááą ðĪ CarryMan,3569233047,https://t.me/+9pPipSLFNT9kYmE1,Error,4,Uncategorized
áá­áŊáļáá­áŊáášááŽááą ðĪ CarryMan,3569233047,https://t.me/+9pPipSLFNT9kYmE1,Fin & Voc,6,Uncategorized
Khine Trendy Shop ðĪ CarryMan,3727765180,https://t.me/+z_p6yHXAsQw0OWY9,Pick Up/Urgent/ááŊáķááášáļáááš,1,Uncategorized
Khine Trendy Shop ðĪ CarryMan,3727765180,https://t.me/+z_p6yHXAsQw0OWY9,Error,4,Uncategorized
Khine Trendy Shop ðĪ CarryMan,3727765180,https://t.me/+z_p6yHXAsQw0OWY9,Fin & Voc,6,Uncategorized
Beauty essentials ðĪ CarryMan,3863454395,https://t.me/+ixGWwoYxIA00Zjhl,Pick Up/Urgent/ááŊáķááášáļáááš,1,Uncategorized
Beauty essentials ðĪ CarryMan,3863454395,https://t.me/+ixGWwoYxIA00Zjhl,Error,4,Uncategorized
Beauty essentials ðĪ CarryMan,3863454395,https://t.me/+ixGWwoYxIA00Zjhl,Fin & Voc,6,Uncategorized
Crochet ForYou ðĪ CarryMan,3847598260,https://t.me/+SyD5-qCoXocwNzBl,Pick Up/Urgent/ááŊáķááášáļáááš,1,Uncategorized
Crochet ForYou ðĪ CarryMan,3847598260,https://t.me/+SyD5-qCoXocwNzBl,Error,4,Uncategorized
Crochet ForYou ðĪ CarryMan,3847598260,https://t.me/+SyD5-qCoXocwNzBl,Fin & Voc,6,Uncategorized
Baby Corner ðĪ CarryMan,3639451656,https://t.me/+2y5wzmnCDyNjMzM1,Pick Up/Urgent/ááŊáķááášáļáááš,1,Uncategorized
Baby Corner ðĪ CarryMan,3639451656,https://t.me/+2y5wzmnCDyNjMzM1,Error,4,Uncategorized
Baby Corner ðĪ CarryMan,3639451656,https://t.me/+2y5wzmnCDyNjMzM1,Fin & Voc,6,Uncategorized
StayFunky ðĪ CarryMan,3720506517,https://t.me/+dDlIITIR3Ac3NTI1,Pick Up/Urgent/ááŊáķááášáļáááš,1,Uncategorized
StayFunky ðĪ CarryMan,3720506517,https://t.me/+dDlIITIR3Ac3NTI1,Error,4,Uncategorized
StayFunky ðĪ CarryMan,3720506517,https://t.me/+dDlIITIR3Ac3NTI1,Fin & Voc,6,Uncategorized
DEAREST ðĪ CarryMan,3674067425,https://t.me/+Diyj4ci9L7VkM2Rl,Pick Up/Urgent/ááŊáķááášáļáááš,1,Uncategorized
DEAREST ðĪ CarryMan,3674067425,https://t.me/+Diyj4ci9L7VkM2Rl,Error,4,Uncategorized
DEAREST ðĪ CarryMan,3674067425,https://t.me/+Diyj4ci9L7VkM2Rl,Fin & Voc,6,Uncategorized
